<?xml version="1.0" encoding="UTF-8"?>

<beans xsi:schemaLocation="http://www.springframework.org/schema/beans http://www.springframework.org/schema/beans/spring-beans.xsd http://www.springframework.org/schema/context http://www.springframework.org/schema/context/spring-context.xsd http://www.springframework.org/schema/mvc http://www.springframework.org/schema/mvc/spring-mvc.xsd" xmlns:mvc="http://www.springframework.org/schema/mvc" xmlns:context="http://www.springframework.org/schema/context" xmlns:p="http://www.springframework.org/schema/p" xmlns:xsi="http://www.w3.org/2001/XMLSchema-instance" xmlns="http://www.springframework.org/schema/beans">

<mvc:annotation-driven/>

<mvc:default-servlet-handler/>

<context:component-scan base-package="com.bnymellon.tra"/>


<bean class="com.bnymellon.tra.dao.impl.ProductDao" id="dao">

<property ref="jt" name="jdbcTemplate"/>

</bean>


<bean class="org.springframework.jdbc.core.JdbcTemplate" id="jt">

<property ref="ds" name="dataSource"/>

</bean>


<bean class="org.springframework.jdbc.datasource.DriverManagerDataSource" id="ds">

<property name="driverClassName" value="oracle.jdbc.driver.OracleDriver"/>

<property name="url" value="jdbc:oracle:thin:@10.232.71.29:1521:INATP02"/>

<property name="username" value="shobana"/>

<property name="password" value="shobana"/>

</bean>

</beans>